"Pathways","Count.significant","Count.background","p_value","p_adjust"
"ppa00071",8,12,0.000157975376243606,0.00438381669076008
"ppa00100",8,15,0.00127899431630329,0.0283936738219331
"ppa00410",8,16,0.00218618679287988,0.0370450683033517
"ppa01100",124,592,0.00233617547858975,0.0370450683033517
"ppa03460",3,0,0,0
"ppa04081",1,0,0,0
"ppa04146",22,38,9.59078669398063e-09,3.54859107677283e-07
